State,College Name
Connecticut,Albertus Magnus College
Connecticut,Asnuntuck Community College
Connecticut,Capital Community College
Connecticut,Central Connecticut State University
Connecticut,Charter Oak State College
Connecticut,Connecticut College
Connecticut,Eastern Connecticut State University
Connecticut,Fairfield University
Connecticut,Gateway Community College
Connecticut,Goodwin University
Connecticut,Hartford International University for Religion and Peace
Connecticut,Holy Apostles College and Seminary
Connecticut,Housatonic Community College
Connecticut,Manchester Community College
Connecticut,Middlesex Community College
Connecticut,Mitchell College
Connecticut,Naugatuck Valley Community College
Connecticut,Northwestern Connecticut Community College
Connecticut,Norwalk Community College
Connecticut,Post University
Connecticut,Quinebaug Valley Community College
Connecticut,Quinnipiac University
Connecticut,Sacred Heart University
Connecticut,Southern Connecticut State University
Connecticut,Three Rivers Community College
Connecticut,Trinity College
Connecticut,Tunxis Community College
Connecticut,United States Coast Guard Academy
Connecticut,University of Bridgeport
Connecticut,University of Connecticut
Connecticut,University of Hartford
Connecticut,University of New Haven
Connecticut,University of Saint Joseph
Connecticut,Wesleyan University
Connecticut,Western Connecticut State University
Connecticut,Yale University
Maine,University of Maine
Maine,Unity Environmental University
Maine,Southern Maine Community College
Maine,University of New England
Maine,University of Southern Maine
Maine,Central Maine Community College
Maine,Husson University
Maine,University of Maine at Augusta
Maine,Eastern Maine Community College
Maine,Kennebec Valley Community College
Maine,Colby College
Maine,York County Community College
Maine,Bowdoin College
Maine,Bates College
Maine,Thomas College
Maine,University of Maine at Farmington
Maine,University of Maine at Presque Isle
Maine,Saint Joseph's College of Maine
Maine,Maine Maritime Academy
Maine,Northern Maine Community College
Maine,Washington County Community College
Maine,University of Maine at Fort Kent
Maine,Maine College of Art & Design
Maine,Beal University
Maine,College of the Atlantic
Maine,University of Maine at Machias
Maine,University of Maine School of Law
Maine,Maine College of Health Professions
Maine,Institute for Doctoral Studies in the Visual Arts
Maine,New England Bible College and Seminary
Maine,The Landing School
Maine,Maine Media College
Massachusetts,Andover Theological Seminary
Massachusetts,Andover Junior College
Massachusetts,Andover Institute of Business
Massachusetts,Andover Newton Theological Seminary
Massachusetts,Aquinas College
Massachusetts,ArsDigita University
Massachusetts,Art Institute of Boston
Massachusetts,Atlantic Union College
Massachusetts,"Bard College at Simon's Rock (moving to Barrytown, New York in Fall 2025)"
Massachusetts,Bay State College
Massachusetts,Becker College
Massachusetts,Berkshire Christian College
Massachusetts,Berkshire Medical College
Massachusetts,Boston Business School
Massachusetts,Boston Female Medical School
Massachusetts,Boston State College
Massachusetts,Bouvé College
Massachusetts,Bradford College
Massachusetts,Bradford Durfee College of Technology
Massachusetts,Bryant & Stratton Business Institute
Massachusetts,Bryant McIntosh College
Massachusetts,Burdett College
Massachusetts,Bussey Institution
Massachusetts,Calvin Coolidge College
Massachusetts,Cambridge Junior College
Massachusetts,Campbell School
Massachusetts,Cardinal Cushing College
Massachusetts,Cardinal O'Connell Seminary
Massachusetts,Cape Cod Hospital School of Nursing
Massachusetts,Central New England College
Massachusetts,Chamberlayne Junior College
Massachusetts,Chandler School for Women
Massachusetts,College of Physicians and Surgeons
Massachusetts,College of Saint Joseph
Massachusetts,Comers Commercial College
Massachusetts,Coyne School of Technical Electricity
Massachusetts,Crane Theological School
Massachusetts,Divine Providence Institute
Massachusetts,Eastern Nazarene College
Massachusetts,Episcopal Divinity School
Massachusetts,Garland Junior College
Massachusetts,Grahm Junior College
Massachusetts,Hallmark Institute of Photography
Massachusetts,Hampden College of Pharmacy
Massachusetts,Holliston Junior College
Massachusetts,Hyannis State Teachers College
Massachusetts,Ipswich Female Seminary
Massachusetts,Kinyon-Campbell Business School
Massachusetts,Kinyon School
Massachusetts,LaFosse Teacher Training College
Massachusetts,Lay College
Massachusetts,Leicester Junior College
Massachusetts,Lowell State College
Massachusetts,Lowell Technological Institute
Massachusetts,Marian Court College
Massachusetts,Marist College and Seminary
Massachusetts,Massachusetts College of Osteopathy
Massachusetts,Middlesex University
Massachusetts,Monroe College of Oratory
Massachusetts,Mount Alvernia College
Massachusetts,Mount Ida College
Massachusetts,New Bedford Institute of Technology
Massachusetts,New England Female Medical College
Massachusetts,New England Institute of Applied Funeral Arts and Sciences
Massachusetts,New England Institute of Art
Massachusetts,New England School of Photography
Massachusetts,Newbury College
Massachusetts,Newton College of the Sacred Heart
Massachusetts,Newton Junior College
Massachusetts,Newton Theological Institution
Massachusetts,Northampton Junior College
Massachusetts,Oblate College & Seminary
Massachusetts,Oread Institute
Massachusetts,Our Lady of Sorrows
Massachusetts,Perry Normal School
Massachusetts,Pine Manor College
Massachusetts,Queen of Apostles Seminary
Massachusetts,Radcliffe College
Massachusetts,Regina Coeli College
Massachusetts,Revere Lay College
Massachusetts,Sacred Heart College for Teachers
Massachusetts,Saint Gabriel's Institute
Massachusetts,Saint Hyacinth College & Seminary
Massachusetts,Saint Joseph Teacher Training Institute
Massachusetts,Saint Paul's House of Studies
Massachusetts,Saint Stephen's College
Massachusetts,School for Christian Workers
Massachusetts,"School of the Museum of Fine Arts, Boston"
Massachusetts,Southern New England School of Law
Massachusetts,Staley School of the Spoken Word
Massachusetts,Stanley College
Massachusetts,Stevens College
Massachusetts,Swain School of Design
Massachusetts,Swedenborg School of Religion
Massachusetts,Vesper George School of Art
Massachusetts,Wang Institute of Graduate Studies
Massachusetts,Wheelock College
Massachusetts,Winter Hill Business College
Massachusetts,Worcester Junior College
Massachusetts,Worcester Medical Institute
Massachusetts,Worcester Technical Institute
New Jersey,Alma White College
New Jersey,Alphonsus College
New Jersey,Bayonne Junior College
New Jersey,Junior College of Bergen County
New Jersey,College of South Jersey
New Jersey,Don Bosco College
New Jersey,Englewood Cliffs College
New Jersey,Essex Junior College
New Jersey,Evelyn College for Women
New Jersey,Gibbs College
New Jersey,Immaculate Conception Seminary
New Jersey,ITT Technical Institute
New Jersey,Jersey City Junior College
New Jersey,John Marshall College
New Jersey,Law School of South Jersey
New Jersey,Luther College of Bible
New Jersey,Maryknoll Junior College
New Jersey,Mother Savior Seminary
New Jersey,Mount Saint Mary College
New Jersey,Northeastern Bible College
New Jersey,Panzer College of Physical Education
New Jersey,Saint Gabriel's College
New Jersey,Saint Joseph's College
New Jersey,Saint Michael's Monastery
New Jersey,Salesian College
New Jersey,Shelton College
New Jersey,Tombrock College
New Jersey,Touro University College of Medicine
New Jersey,Trenton Junior College & School of Industrial Arts
New Jersey,Union College
New Jersey,University of Medicine and Dentistry of New Jersey (UMDNJ)
New Jersey,University of Newark
New Jersey,Upsala College
New Jersey,Westminster Choir College
Pennsylvania,Lincoln University
Pennsylvania,Pennsylvania State University
Pennsylvania,University of Pittsburgh
Pennsylvania,Temple University
Pennsylvania,Penn State Abington
Pennsylvania,Penn State Altoona
Pennsylvania,Penn State Beaver
Pennsylvania,Penn State Berks
Pennsylvania,Penn State Brandywine
Pennsylvania,Penn State University College of Medicine
Pennsylvania,Penn State Dickinson Law
Pennsylvania,Penn State DuBois
Pennsylvania,"Penn State Erie, The Behrend College"
Pennsylvania,"Penn State Fayette, The Eberly Campus"
Pennsylvania,Penn State Great Valley School of Graduate Professional Studies
Pennsylvania,Penn State Greater Allegheny
Pennsylvania,Penn State Harrisburg
Pennsylvania,Penn State Hazleton
Pennsylvania,Penn State Lehigh Valley
Pennsylvania,Penn State Mont Alto
Pennsylvania,Penn State New Kensington
Pennsylvania,Penn State Schuylkill
Pennsylvania,Penn State Shenango
Pennsylvania,Penn State Wilkes-Barre
Pennsylvania,Penn State Scranton
Pennsylvania,Penn State York
Pennsylvania,Pennsylvania College of Technology
Pennsylvania,Bloomsburg University of Pennsylvania
Pennsylvania,California University of Pennsylvania
Pennsylvania,Cheyney University of Pennsylvania
Pennsylvania,Penn West Clarion
Pennsylvania,East Stroudsburg University of Pennsylvania
Pennsylvania,Edinboro University of Pennsylvania
Pennsylvania,Indiana University of Pennsylvania
Pennsylvania,Kutztown University of Pennsylvania
Pennsylvania,Lock Haven University of Pennsylvania
Pennsylvania,Mansfield University of Pennsylvania
Pennsylvania,Millersville University of Pennsylvania
Pennsylvania,Shippensburg University of Pennsylvania
Pennsylvania,Slippery Rock University of Pennsylvania
Pennsylvania,West Chester University
Pennsylvania,West Chester University in Philadelphia
Pennsylvania,Community College of Allegheny County (Allegheny campus)
Pennsylvania,Community College of Allegheny County (Boyce campus)
Pennsylvania,Community College of Allegheny County (north campus)
Pennsylvania,Community College of Allegheny County (south campus)
Pennsylvania,Community College of Beaver County
Pennsylvania,Bucks County Community College (Newtown campus)
Pennsylvania,Bucks County Community College (Lower Bucks campus)
Pennsylvania,Bucks County Community College (Upper Bucks campus)
Pennsylvania,Butler County Community College
Pennsylvania,Delaware County Community College (Marple campus)
Pennsylvania,Delaware County Community College (Downingtown campus)
Pennsylvania,"Harrisburg Area Community College, Central Pennsylvania's Community College (Harrisburg campus)"
Pennsylvania,"Harrisburg Area Community College, Central Pennsylvania's Community College (Lancaster campus)"
Pennsylvania,"Harrisburg Area Community College, Central Pennsylvania's Community College (York campus)"
Pennsylvania,"Harrisburg Area Community College, Central Pennsylvania's Community College (Gettysburg campus)"
Pennsylvania,"Harrisburg Area Community College, Central Pennsylvania's Community College (Lebanon campus)"
Pennsylvania,Lehigh Carbon Community College (main campus)
Pennsylvania,Lehigh Carbon Community College (Donley center and Baum School of Art)
Pennsylvania,Lehigh Carbon Community College (Morgan center)
Pennsylvania,Lehigh Carbon Community College (Lehigh Valley airport)
Pennsylvania,Luzerne County Community College (main campus)
Pennsylvania,Luzerne County Community College (Berwick center)
Pennsylvania,Luzerne County Community College (Hazleton center)
Pennsylvania,Luzerne County Community College (Kulpmont center)
Pennsylvania,Luzerne County Community College (Pittston center)
Pennsylvania,Luzerne County Community College (Scranton center)
Pennsylvania,Luzerne County Community College (Northumberland regional higher education center)
Pennsylvania,Luzerne County Community College (Wilkes-Barre center)
Pennsylvania,Montgomery County Community College (central campus)
Pennsylvania,Montgomery County Community College (west campus)
Pennsylvania,Northampton County Area Community College (main campus)
Pennsylvania,Northampton County Area Community College (Monroe campus)
Pennsylvania,Pennsylvania Highlands Community College
Pennsylvania,Community College of Philadelphia
Pennsylvania,Reading Area Community College
Pennsylvania,Thaddeus Stevens College of Technology
Pennsylvania,Westmoreland County Community College
Pennsylvania,Pittsburgh Technical College
Pennsylvania,University of Pittsburgh at Titusville educational and training hub
Pennsylvania,University of Pittsburgh at Bradford
Pennsylvania,University of Pittsburgh at Greensburg
Pennsylvania,University of Pittsburgh at Johnstown
Pennsylvania,Temple University Ambler
Pennsylvania,Alvernia University
Pennsylvania,Arcadia University
Pennsylvania,Bryn Mawr College
Pennsylvania,Carlow University
Pennsylvania,Carnegie Mellon University
Pennsylvania,Chestnut Hill College
Pennsylvania,DeSales University
Pennsylvania,Drexel University
Pennsylvania,Duquesne University of the Holy Spirit
Pennsylvania,Eastern University
Pennsylvania,Gannon University
Pennsylvania,Gratz College
Pennsylvania,Holy Family University
Pennsylvania,Holy Family University (Newtown campus)
Pennsylvania,Immaculata University
Pennsylvania,La Salle University
Pennsylvania,Lehigh University
Pennsylvania,Marywood University
Pennsylvania,Misericordia University
Pennsylvania,Neumann University
Pennsylvania,University of Pennsylvania
Pennsylvania,Robert Morris University
Pennsylvania,Saint Francis University
Pennsylvania,Saint Joseph's University
Pennsylvania,University of Scranton
Pennsylvania,University of the Sciences
Pennsylvania,Thomas Jefferson University
Pennsylvania,Villanova University
Pennsylvania,Waynesburg University
Pennsylvania,Widener University
Pennsylvania,Wilkes University
Pennsylvania,Yeshivah Bais Moshe
Pennsylvania,Missio Seminary
Pennsylvania,Byzantine Catholic Seminary of Saints Cyril and Methodius
Pennsylvania,Calvary Baptist Theological Seminary
Pennsylvania,Christ the Saviour Seminary of American Carpatho-Russian Orthodox Diocese
Pennsylvania,Geisinger Commonwealth School of Medicine
Pennsylvania,Evangelical Seminary
Pennsylvania,Lancaster Theological Seminary
Pennsylvania,Lake Erie College of Osteopathic Medicine
Pennsylvania,United Lutheran Seminary
Pennsylvania,United Lutheran Seminary
Pennsylvania,Palmer Theological Seminary
Pennsylvania,Pittsburgh Theological Seminary
Pennsylvania,Philadelphia College of Osteopathic Medicine
Pennsylvania,Reformed Episcopal Seminary
Pennsylvania,Reformed Presbyterian Theological Seminary
Pennsylvania,Reconstructionist Rabbinical College
Pennsylvania,Respect Graduate School
Pennsylvania,Saint Charles Borromeo Seminary
Pennsylvania,Saint Tikhon's Orthodox Theological Seminary
Pennsylvania,Salus University
Pennsylvania,Trinity School for Ministry
Pennsylvania,United States Army War College
Pennsylvania,Westminster Theological Seminary
Pennsylvania,Won Institute of Graduate Studies
Pennsylvania,Albright College
Pennsylvania,Allegheny College
Pennsylvania,The American College of Financial Services
Pennsylvania,Bryn Athyn College of the New Church
Pennsylvania,Bucknell University
Pennsylvania,Cabrini University
Pennsylvania,Cairn University
Pennsylvania,Cedar Crest College
Pennsylvania,Central Penn College
Pennsylvania,Chatham University
Pennsylvania,Delaware Valley University
Pennsylvania,Dickinson College
Pennsylvania,Elizabethtown College
Pennsylvania,Franklin and Marshall College
Pennsylvania,Geneva College
Pennsylvania,Gettysburg College
Pennsylvania,Grove City College
Pennsylvania,Gwynedd Mercy University
Pennsylvania,Harrisburg University of Science and Technology
Pennsylvania,Haverford College
Pennsylvania,Juniata College
Pennsylvania,Keystone College
Pennsylvania,King's College (The College of Christ the King)
Pennsylvania,La Roche University
Pennsylvania,Lafayette College
Pennsylvania,Lebanon Valley College
Pennsylvania,Lycoming College
Pennsylvania,Mercyhurst University
Pennsylvania,Messiah University
Pennsylvania,Moravian University
Pennsylvania,Mount Aloysius College
Pennsylvania,Muhlenberg College
Pennsylvania,Peirce College
Pennsylvania,Point Park University
Pennsylvania,Rosemont College
Pennsylvania,Saint Vincent College
Pennsylvania,Saint Vincent Seminary
Pennsylvania,Seton Hill University
Pennsylvania,Susquehanna University
Pennsylvania,Swarthmore College
Pennsylvania,Thiel College
Pennsylvania,Ursinus College
Pennsylvania,Washington & Jefferson College
Pennsylvania,Westminster College
Pennsylvania,Wilson College
Pennsylvania,York College of Pennsylvania
Pennsylvania,The University of the Arts
Pennsylvania,Curtis Institute of Music
Pennsylvania,Pennsylvania College of Health Sciences
Pennsylvania,Moore College of Art and Design
Pennsylvania,Pennsylvania Academy of the Fine Arts
Pennsylvania,Pennsylvania College of Art and Design
Pennsylvania,Harcum College
Pennsylvania,Hussian School of Art
Pennsylvania,Johnson College
Pennsylvania,Lackawanna College (main campus)
Pennsylvania,Lackawanna College
Pennsylvania,Lackawanna College
Pennsylvania,Lackawanna College
Pennsylvania,Lackawanna College
Pennsylvania,Lackawanna College
Pennsylvania,Lackawanna College
Pennsylvania,Manor College
Pennsylvania,Mercyhurst North East
Pennsylvania,Pennsylvania Institute of Technology
Pennsylvania,Pittsburgh Institute of Aeronautics
Pennsylvania,Pittsburgh Institute of Mortuary Science
Pennsylvania,Valley Forge Military Academy and College
Pennsylvania,University of Valley Forge
Pennsylvania,Clarks Summit University
Pennsylvania,Lancaster Bible College
Pennsylvania,Talmudical Yeshiva of Philadelphia
Pennsylvania,Antonelli College
Pennsylvania,Schuylkill Institute of Business and Technology
Pennsylvania,Bradford School
Pennsylvania,Brightwood College
Pennsylvania,Cambria-Rowe Business College
Pennsylvania,Career Training Academy
Pennsylvania,Consolidated School of Business
Pennsylvania,Rosedale Technical College
Pennsylvania,Delaware Valley Academy of Medical and Dental Assistants
Pennsylvania,Douglas Education Center
Pennsylvania,DeVry University
Pennsylvania,Erie Institute of Technology
Pennsylvania,Altierus Career College (Bensalem campus)
Pennsylvania,Fortis College (Forty Fort campus)
Pennsylvania,Fortis College (Scranton campus)
Pennsylvania,JNA Institute of Culinary Arts
Pennsylvania,Keystone Technical Institute
Pennsylvania,Lansdale School of Business
Pennsylvania,Laurel Business Institute
Pennsylvania,Laurel Technical Institute
Pennsylvania,Laurel Technical Institute
Pennsylvania,Lincoln Tech (Allentown campus)
Pennsylvania,Lincoln Tech (Philadelphia campus)
Pennsylvania,McCann School of Business and Technology
Pennsylvania,McCann School of Business and Technology
Pennsylvania,New Castle School of Trades
Pennsylvania,Orleans Technical College
Pennsylvania,Pennco Tech
Pennsylvania,Penn Commercial Business and Technical School
Pennsylvania,Pennsylvania Institute of Health and Technology
Pennsylvania,University of Phoenix
Pennsylvania,Precision Manufacturing Institute
Pennsylvania,Prism Career Institute
Pennsylvania,The Restaurant School at Walnut Hill College
Pennsylvania,South Hills School of Business and Technology (main campus)
Pennsylvania,South Hills School of Business and Technology
Pennsylvania,Star Technical Institute
Pennsylvania,Strayer University (Lower Bucks County campus)
Pennsylvania,Strayer University (Allentown campus)
Pennsylvania,Strayer University (Center City campus)
Pennsylvania,Strayer University (Delaware County campus)
Pennsylvania,Triangle Tech (Bethlehem campus)
Pennsylvania,Triangle Tech (DuBois campus)
Pennsylvania,Triangle Tech (Greensburg campus)
Pennsylvania,Triangle Tech (Pittsburgh campus)
Pennsylvania,Triangle Tech (Sunbury campus)
Pennsylvania,Triangle Tech (Chambersburg campus)
Pennsylvania,Vet Tech Institute
Pennsylvania,YTI Career Institute (Altoona campus)
Pennsylvania,YTI Career Institute (York campus)
Pennsylvania,Academy of Vocal Arts
Pennsylvania,All-State Career School
Pennsylvania,All-State Career School
Pennsylvania,International Institute for Restorative Practices
Pennsylvania,Commonwealth Technical Institute
Pennsylvania,Commonwealth Technical Institute at the Hiram G. Andrews Center
Pennsylvania,Central Pennsylvania Institute of Science and Technology
Pennsylvania,ASPIRA City College
Pennsylvania,Williamson College of the Trades
Pennsylvania,United Career Institute
Pennsylvania,Pittsburgh Career Institute
Pennsylvania,Princeton Information Technology Center Institute
Pennsylvania,Northern Pennsylvania Regional College
Pennsylvania,Berks Technical Institute
Pennsylvania,Lancaster County Career and Technology Center
Pennsylvania,Institute of Medical and Business Careers
Pennsylvania,Great Lakes Institute of Technology
Rhode Island,Brown University
Rhode Island,Bryant University
Rhode Island,College Unbound
Rhode Island,Community College of Rhode Island
Rhode Island,Johnson & Wales University
Rhode Island,Naval War College
Rhode Island,New England Institute of Technology
Rhode Island,Providence College
Rhode Island,Rhode Island College
Rhode Island,Rhode Island School of Design
Rhode Island,Roger Williams University
Rhode Island,Salve Regina University
Rhode Island,University of Rhode Island
Vermont,Burlington College
Vermont,Castleton University
Vermont,Castleton Medical College
Vermont,College of St. Joseph
Vermont,Green Mountain College
Vermont,Goddard College
Vermont,Johnson State College
Vermont,Lyndon State College
Vermont,Mark Hopkins College
Vermont,Marlboro College
Vermont,New England Culinary Institute
Vermont,Northern Vermont University
Vermont,Royalton College
Vermont,Southern Vermont College
Vermont,Trinity College of Vermont
Vermont,Vermont Medical College
Vermont,Vermont Technical College
Vermont,Woodbury College
Vermont,Windham College
Illinois,Adler University
Illinois,American Islamic College
Illinois,Augustana College
Illinois,Aurora University
Illinois,Benedictine University
Illinois,Blackburn College
Illinois,Bradley University
Illinois,The Chicago School of Professional Psychology
Illinois,University of Chicago
Illinois,Columbia College Chicago
Illinois,Concordia University Chicago
Illinois,DePaul University
Illinois,Dominican University
Illinois,East–West University
Illinois,Elmhurst University
Illinois,Erikson Institute
Illinois,Eureka College
Illinois,Generations College
Illinois,Greenville University
Illinois,Illinois College
Illinois,Illinois Institute of Technology
Illinois,Illinois Wesleyan University
Illinois,Judson University
Illinois,Knox College
Illinois,Lake Forest College
Illinois,Lakeview College of Nursing
Illinois,Lewis University
Illinois,Loyola University Chicago
Illinois,Lutheran School of Theology at Chicago
Illinois,McKendree University
Illinois,Methodist College
Illinois,Midwestern University
Illinois,Millikin University
Illinois,Monmouth College
Illinois,Moody Bible Institute
Illinois,National Louis University
Illinois,National University of Health Sciences
Illinois,North Central College
Illinois,North Park University
Illinois,Northern Seminary
Illinois,Northwestern University
Illinois,Olivet Nazarene University
Illinois,Principia College
Illinois,Quincy University
Illinois,Rockford University
Illinois,Roosevelt University
Illinois,Rosalind Franklin University of Medicine and Science
Illinois,Rush University
Illinois,Saint Anthony College of Nursing
Illinois,University of St. Francis
Illinois,Saint Xavier University
Illinois,School of the Art Institute of Chicago
Illinois,Spertus Institute for Jewish Learning and Leadership
Illinois,Toyota Technological Institute at Chicago
Illinois,Trinity Christian College
Illinois,Trinity International University
Illinois,VanderCook College of Music
Illinois,Wheaton College
Indiana,American College of Education
Indiana,Anabaptist Mennonite Biblical Seminary
Indiana,Anderson University
Indiana,Ball State University
Indiana,Bethany Theological Seminary
Indiana,Bethel University
Indiana,Bishop Simon Bruté College Seminary
Indiana,Butler University
Indiana,Calumet College of St. Joseph
Indiana,Chamberlain University Indiana
Indiana,Christian Theological Seminary
Indiana,College of Biblical Studies
Indiana,College of Court Reporting
Indiana,Concordia Theological Seminary
Indiana,DePauw University
Indiana,DeVry University–Indiana
Indiana,Earlham College
Indiana,Fortis College
Indiana,Franklin College
Indiana,Goshen College
Indiana,Grace College & Seminary
Indiana,Hanover College
Indiana,Holy Cross College
Indiana,Huntington University
Indiana,Indiana Bible College
Indiana,Indiana Institute of Technology
Indiana,Indiana State University
Indiana,Indiana University Bloomington
Indiana,Indiana University Columbus
Indiana,Indiana University East
Indiana,Indiana University Fort Wayne
Indiana,Indiana University Indianapolis
Indiana,Indiana University Kokomo
Indiana,Indiana University Northwest
Indiana,Indiana University South Bend
Indiana,Indiana University Southeast
Indiana,Indiana Wesleyan University
Indiana,International Business College–Indianapolis
Indiana,Ivy Tech Community College of Indiana
Indiana,Lincoln Tech
Indiana,Manchester University
Indiana,Marian University
Indiana,Martin University
Indiana,Mid-America College of Funeral Service
Indiana,Oakland City University
Indiana,Purdue University
Indiana,Purdue University Fort Wayne
Indiana,Purdue University Global
Indiana,Purdue University Northwest
Indiana,Rose-Hulman Institute of Technology
Indiana,Saint Mary's College
Indiana,Saint Mary-of-the-Woods College
Indiana,Saint Meinrad Seminary and School of Theology
Indiana,Salem University–Indianapolis
Indiana,South College–Indianapolis
Indiana,Taylor University
Indiana,Trine University
Indiana,Union Bible College and Academy
Indiana,University of Evansville
Indiana,University of Indianapolis
Indiana,University of Notre Dame
Indiana,University of Saint Francis
Indiana,University of Southern Indiana
Indiana,Valparaiso University
Indiana,Vincennes University
Indiana,Veritas Baptist College
Indiana,Wabash College
Iowa,University of Iowa
Iowa,Iowa State University
Iowa,University of Northern Iowa
Iowa,Des Moines Area Community College
Iowa,Eastern Iowa Community Colleges
Iowa,Ellsworth Community College
Iowa,Hawkeye Community College
Iowa,Indian Hills Community College
Iowa,Iowa Central Community College
Iowa,Iowa Lakes Community College
Iowa,Iowa Western Community College
Iowa,Kirkwood Community College
Iowa,Marshalltown Community College
Iowa,North Iowa Area Community College
Iowa,Northeast Iowa Community College
Iowa,Northwest Iowa Community College
Iowa,Southeastern Community College
Iowa,Southwestern Community College
Iowa,Western Iowa Tech Community College
Iowa,Allen College
Iowa,Briar Cliff University
Iowa,Buena Vista University
Iowa,Central College
Iowa,Clarke University
Iowa,Coe College
Iowa,Cornell College
Iowa,Des Moines University
Iowa,Divine Word College
Iowa,Dordt University
Iowa,Drake University
Iowa,Emmaus University
Iowa,Faith Baptist Bible College and Theological Seminary
Iowa,Graceland University
Iowa,Grand View University
Iowa,Grinnell College
Iowa,Loras College
Iowa,Luther College
Iowa,Maharishi International University
Iowa,Mercy College of Health Sciences
Iowa,Morningside University
Iowa,Mount Mercy University
Iowa,Northwestern College
Iowa,Palmer College of Chiropractic
Iowa,Simpson College
Iowa,St. Ambrose University
Iowa,St. Luke's College
Iowa,University of Dubuque
Iowa,Upper Iowa University
Iowa,Wartburg College
Iowa,Wartburg Theological Seminary
Iowa,William Penn University
Iowa,Waldorf University
Minnesota,Alexandria Technical and Community College
Minnesota,Anoka Technical College
Minnesota,Anoka-Ramsey Community College
Minnesota,Bemidji State University
Minnesota,Central Lakes College
Minnesota,Century College
Minnesota,Dakota County Technical College
Minnesota,Fond du Lac Tribal and Community College
Minnesota,Hennepin Technical College
Minnesota,Inver Hills Community College
Minnesota,Lake Superior College
Minnesota,Leech Lake Tribal College
Minnesota,Metropolitan State University
Minnesota,Minneapolis College
Minnesota,Minnesota North College
Minnesota,Minnesota State College Southeast
Minnesota,Minnesota State Community and Technical College
Minnesota,"Minnesota State University, Mankato"
Minnesota,Minnesota State University Moorhead
Minnesota,Minnesota West Community and Technical College
Minnesota,Normandale Community College
Minnesota,North Hennepin Community College
Minnesota,Northland Community & Technical College
Minnesota,Northwest Technical College
Minnesota,Pine Technical and Community College
Minnesota,Ridgewater College
Minnesota,Riverland Community College
Minnesota,Rochester Community and Technical College
Minnesota,St. Cloud State University
Minnesota,St. Cloud Technical and Community College
Minnesota,Saint Paul College
Minnesota,South Central College
Minnesota,Southwest Minnesota State University
Minnesota,University of Minnesota Crookston
Minnesota,University of Minnesota Duluth
Minnesota,University of Minnesota Morris
Minnesota,University of Minnesota Rochester
Minnesota,"University of Minnesota, Twin Cities"
Minnesota,White Earth Tribal and Community College
Minnesota,Winona State University
Minnesota,Academy College
Minnesota,Adler Graduate School
Minnesota,Augsburg University
Minnesota,Bethany Global University
Minnesota,Bethany Lutheran College
Minnesota,Bethel University
Minnesota,Carleton College
Minnesota,College of Saint Benedict and Saint John's University
Minnesota,College of St. Scholastica
Minnesota,Concordia College
Minnesota,Concordia University
Minnesota,Crown College
Minnesota,Dunwoody College of Technology
Minnesota,Gustavus Adolphus College
Minnesota,Hamline University
Minnesota,Hazelden Graduate School of Addiction Studies
Minnesota,Luther Seminary
Minnesota,Macalester College
Minnesota,Martin Luther College
Minnesota,Mayo Clinic College of Medicine and Science
Minnesota,Minneapolis College of Art and Design
Minnesota,Mitchell Hamline School of Law
Minnesota,North Central University
Minnesota,Northwestern Health Sciences University
Minnesota,Oak Hills Christian College
Minnesota,St. Catherine University
Minnesota,Saint Mary's University of Minnesota
Minnesota,St. Olaf College
Minnesota,United Theological Seminary of the Twin Cities
Minnesota,University of Northwestern – St. Paul
Minnesota,University of St. Thomas
Minnesota,Capella University
Minnesota,Rasmussen University
Minnesota,Walden University
Missouri,Avila University
Missouri,Central Methodist University
Missouri,College of the Ozarks
Missouri,Columbia College
Missouri,Cottey College
Missouri,Culver–Stockton College
Missouri,Drury University
Missouri,Evangel University
Missouri,Hannibal–LaGrange University
Missouri,Lindenwood University
Missouri,Maryville University
Missouri,Missouri Baptist University
Missouri,Missouri Valley College
Missouri,Park University
Missouri,Rockhurst University
Missouri,Saint Louis University
Missouri,Southwest Baptist University
Missouri,Stephens College
Missouri,Washington University in St. Louis
Missouri,Webster University
Missouri,Westminster College
Missouri,William Jewell College
Missouri,William Woods University
Nebraska,Brownville College
Nebraska,Central Lutheran Theological Seminary
Nebraska,Cotner College (Nebraska Christian College)
Nebraska,Custer College
Nebraska,Dana College
Nebraska,Grace University
Nebraska,Grand Island Baptist College
Nebraska,Grand Island College
Nebraska,Hiram Scott College
Nebraska,John F. Kennedy College
Nebraska,John J. Pershing College
Nebraska,Lincoln Normal University
Nebraska,Lincoln School of Commerce
Nebraska,Nebraska College and Divinity School
Nebraska,Nebraska University (Fontanelle University)
Nebraska,Otoe University
Nebraska,Presbyterian Theological Seminary
Nebraska,Nebraska Christian College
Nebraska,The Creative Center
North Dakota,Bismarck State College
North Dakota,Cankdeska Cikana Community College
North Dakota,Dakota College at Bottineau
North Dakota,Dickinson State University
North Dakota,Lake Region State College
North Dakota,Mayville State University
North Dakota,Minot State University
North Dakota,North Dakota State College of Science
North Dakota,North Dakota State University
North Dakota,Nueta Hidatsa Sahnish College
North Dakota,Rasmussen University
North Dakota,Sitting Bull College
North Dakota,Trinity Bible College
North Dakota,Turtle Mountain Community College
North Dakota,United Tribes Technical College
North Dakota,University of Jamestown
North Dakota,University of Mary
North Dakota,University of North Dakota
North Dakota,Valley City State University
North Dakota,Williston State College
Ohio,Air Force Institute of Technology
Ohio,Allegheny Wesleyan College
Ohio,American Institute of Alternative Medicine
Ohio,Antioch College
Ohio,Antioch University
Ohio,Art Academy of Cincinnati
Ohio,Ashland University
Ohio,ATA College-Cincinnati
Ohio,Athena Career Academy
Ohio,Athenaeum of Ohio
Ohio,Aultman College of Nursing and Health Sciences
Ohio,Baldwin Wallace University
Ohio,Belmont College
Ohio,Bluffton University
Ohio,Bowling Green State University-Firelands
Ohio,Bowling Green State University-Main Campus
Ohio,Bryant & Stratton College-Akron
Ohio,Bryant & Stratton College-Parma
Ohio,Bryant & Stratton College-Solon
Ohio,Capital University
Ohio,Case Western Reserve University
Ohio,Cedarville University
Ohio,Central Ohio Technical College
Ohio,Central State University
Ohio,Cincinnati State Technical and Community College
Ohio,Clark State College
Ohio,Cleveland Institute of Art
Ohio,Cleveland Institute of Music
Ohio,Cleveland State University
Ohio,Columbus College of Art and Design
Ohio,Columbus State Community College
Ohio,Cuyahoga Community College
Ohio,Daymar College
Ohio,Defiance College
Ohio,Denison University
Ohio,Eastern Gateway Community College
Ohio,Edison State Community College
Ohio,Franciscan University of Steubenville
Ohio,Franklin University
Ohio,Heidelberg University
Ohio,Hiram College
Ohio,Hocking College
Ohio,Hondros College of Nursing
Ohio,James A. Rhodes State College
Ohio,John Carroll University
Ohio,Kent State University
Ohio,Kenyon College
Ohio,Kettering College
Ohio,Lake Erie College
Ohio,Lakeland Community College
Ohio,Lorain County Community College
Ohio,Lourdes University
Ohio,Malone University
Ohio,Marietta College
Ohio,Marion Technical College
Ohio,Mercy College of Ohio
Ohio,Mount Carmel College of Nursing
Ohio,Miami University
Ohio,Miami-Jacobs Career College
Ohio,Mount St. Joseph University
Ohio,Mount Vernon Nazarene University
Ohio,Muskingum University
Ohio,North Central State College
Ohio,Northeast Ohio Medical University
Ohio,Northwest State Community College
Ohio,Oberlin College
Ohio,Ohio University
Ohio,Ohio Christian University
Ohio,Ohio Dominican University
Ohio,Ohio Northern University
Ohio,Ohio State University
Ohio,Ohio Technical College
Ohio,Ohio Wesleyan University
Ohio,Otterbein University
Ohio,Owens Community College
Ohio,Pontifical College Josephinum
Ohio,Remington College
Ohio,Shawnee State University
Ohio,Sinclair Community College
Ohio,Southern State Community College
Ohio,Stark State College
Ohio,Terra State Community College
Ohio,Tiffin University
Ohio,University of Akron Main Campus
Ohio,University of Akron Wayne College
Ohio,University of Cincinnati
Ohio,University of Dayton
Ohio,University of Findlay
Ohio,University of Mount Union
Ohio,University of Northwestern Ohio
Ohio,University of Rio Grande
Ohio,University of Toledo
Ohio,Ursuline College
Ohio,Walsh University
Ohio,Washington State Community College
Ohio,Wilberforce University
Ohio,Wilmington College
Ohio,Wittenberg University
Ohio,The College of Wooster
Ohio,Wright State University
Ohio,Xavier University
Ohio,Youngstown State University
Ohio,Zane State College
Alabama,Air University
Alabama,Alabama A&M University
Alabama,Alabama College of Osteopathic Medicine
Alabama,Alabama State University
Alabama,Amridge University
Alabama,Athens State University
Alabama,Auburn University
Alabama,Auburn University at Montgomery
Alabama,Bevill State Community College
Alabama,Birmingham School of Law
Alabama,Bishop State Community College
Alabama,Calhoun Community College
Alabama,Central Alabama Community College
Alabama,Chattahoochee Valley Community College
Alabama,Coastal Alabama Community College
Alabama,Columbia Southern University
Alabama,Community College of the Air Force
Alabama,Enterprise State Community College
Alabama,Faulkner University
Alabama,Gadsden State Community College
Alabama,H. Councill Trenholm State Community College
Alabama,Heritage Christian University
Alabama,Highlands College
Alabama,Huntingdon College
Alabama,Huntsville Bible College
Alabama,J.F. Drake State Community and Technical College
Alabama,J. F. Ingram State Technical College
Alabama,Jacksonville State University
Alabama,Jefferson State Community College
Alabama,Lawson State Community College
Alabama,Lurleen B. Wallace Community College
Alabama,Marion Military Institute
Alabama,Miles College
Alabama,Miles Law School
Alabama,Northeast Alabama Community College
Alabama,Northwest–Shoals Community College
Alabama,Oakwood University
Alabama,Reid State Technical College
Alabama,Samford University
Alabama,Selma University
Alabama,Shelton State Community College
Alabama,Snead State Community College
Alabama,Southern Union State Community College
Alabama,Spring Hill College
Alabama,Stillman College
Alabama,Talladega College
Alabama,Troy University
Alabama,Tuskegee University
Alabama,United States Sports Academy
Alabama,University of Alabama
Alabama,University of Alabama at Birmingham
Alabama,University of Alabama in Huntsville
Alabama,University of Mobile
Alabama,University of Montevallo
Alabama,University of North Alabama
Alabama,University of South Alabama
Alabama,University of West Alabama
Alabama,Wallace Community College
Alabama,Wallace Community College Selma
Alabama,Wallace State Community College
Arkansas,Arkansas Baptist College
Arkansas,Arkansas Colleges of Health Education
Arkansas,Arkansas Northeastern College
Arkansas,Arkansas State University
Arkansas,Arkansas State University-Beebe
Arkansas,Arkansas State University Mid-South
Arkansas,Arkansas State University–Mountain Home
Arkansas,Arkansas State University-Newport
Arkansas,Arkansas State University Three Rivers
Arkansas,Arkansas Tech University
Arkansas,Black River Technical College
Arkansas,Central Baptist College
Arkansas,Cossatot Community College
Arkansas,Crowley's Ridge College
Arkansas,East Arkansas Community College
Arkansas,Ecclesia College
Arkansas,Harding University
Arkansas,Henderson State University
Arkansas,Hendrix College
Arkansas,John Brown University
Arkansas,Lyon College
Arkansas,National Park College
Arkansas,North Arkansas College
Arkansas,Northwest Arkansas Community College
Arkansas,Ouachita Baptist University
Arkansas,Ozarka College
Arkansas,Philander Smith University
Arkansas,Phillips Community College of the University of Arkansas
Arkansas,Shorter College
Arkansas,South Arkansas College
Arkansas,Southeast Arkansas College
Arkansas,Southern Arkansas University
Arkansas,Southern Arkansas University Tech
Arkansas,University of Arkansas
Arkansas,University of Arkansas Community College at Batesville
Arkansas,University of Arkansas Community College at Hope
Arkansas,University of Arkansas Community College at Morrilton
Arkansas,University of Arkansas Grantham
Arkansas,University of Arkansas at Little Rock
Arkansas,University of Arkansas at Monticello
Arkansas,University of Arkansas at Pine Bluff
Arkansas,University of Arkansas Rich Mountain
Arkansas,University of Arkansas for Medical Sciences
Arkansas,University of Arkansas–Fort Smith
Arkansas,University of Arkansas – Pulaski Technical College
Arkansas,University of Central Arkansas
Arkansas,University of the Ozarks
Arkansas,Williams Baptist University
Delaware,Delaware State University
Delaware,Delaware Technical Community College
Delaware,Goldey–Beacom College
Delaware,University of Delaware
Delaware,Widener University Delaware Law School
Delaware,Wilmington University
Georgia,Georgia Tech
Georgia,Georgia
Georgia,Georgia Southern
Georgia,Georgia State
Georgia,Kennesaw State
Georgia,Mercer
Georgia,West Georgia
Georgia,Valdosta State
Georgia,Shorter
Georgia,Augusta
Georgia,Clayton State
Georgia,Columbus State
Georgia,Georgia College
Georgia,Georgia Southwestern
Georgia,North Georgia
Georgia,Young Harris
Georgia,Albany State
Georgia,Fort Valley
Georgia,Clark Atlanta
Georgia,Middle Georgia
Georgia,Morehouse
Georgia,Savannah State
Georgia,Emmanuel
Georgia,Coastal Georgia
Georgia,Dalton State
Georgia,Abraham Baldwin
Georgia,Brewton–Parker
Georgia,Brenau
Georgia,Life University
Georgia,Georgia Gwinnett
Georgia,Thomas
Georgia,SCAD Savannah
Georgia,Reinhardt
Georgia,Point
Georgia,Truett McConnell
Georgia,SCAD Atlanta
Georgia,Berry
Georgia,Oglethorpe
Georgia,Agnes Scott
Georgia,Covenant
Georgia,LaGrange
Georgia,Piedmont
Georgia,Wesleyan
Georgia,Emory
Georgia,Atlanta Metropolitan
Georgia,East Georgia
Georgia,Georgia Highlands
Georgia,Gordon State
Georgia,South Georgia State
Georgia,Andrew
Georgia,Paine
Georgia,Toccoa Falls
Kentucky,Eastern Kentucky University
Kentucky,Kentucky State University
Kentucky,Morehead State University
Kentucky,Murray State University
Kentucky,Northern Kentucky University
Kentucky,University of Kentucky
Kentucky,University of Louisville
Kentucky,Western Kentucky University
Kentucky,Total
Maryland,Asbury College
Maryland,Baltimore College
Maryland,Baltimore Female College
Maryland,Baltimore Hebrew University
Maryland,Blue Ridge College (was Maryland Collegiate Institute)
Maryland,Borromeo College
Maryland,Calvert College
Maryland,Chevy Chase Junior College
Maryland,Cokesbury College
Maryland,College of St. James
Maryland,Eastern Christian College
Maryland,Irving College
Maryland,Kee Mar College
Maryland,Maryland Military and Naval Academy
Maryland,Mount Hope College
Maryland,Mount Saint Agnes College
Maryland,Mount Washington Female College
Maryland,National Labor College
Maryland,New Windsor College
Maryland,Newton University
Maryland,Saint Joseph College
Maryland,St. Mary's College
Maryland,Sojourner–Douglass College
Maryland,Woodstock College
Mississippi,Alcorn State University
Mississippi,Belhaven University
Mississippi,Blue Cliff College
Mississippi,Blue Mountain Christian University
Mississippi,Coahoma Community College
Mississippi,Copiah–Lincoln Community College
Mississippi,Delta State University
Mississippi,East Central Community College
Mississippi,East Mississippi Community College
Mississippi,Hinds Community College
Mississippi,Holmes Community College
Mississippi,Itawamba Community College
Mississippi,Jackson State University
Mississippi,Jones College
Mississippi,Meridian Community College
Mississippi,Millsaps College
Mississippi,Mississippi College
Mississippi,Mississippi Delta Community College
Mississippi,Mississippi Gulf Coast Community College
Mississippi,Mississippi State University
Mississippi,Mississippi University for Women
Mississippi,Mississippi Valley State University
Mississippi,Northeast Mississippi Community College
Mississippi,Northwest Mississippi Community College
Mississippi,Pearl River Community College
Mississippi,Rust College
Mississippi,Southeastern Baptist College
Mississippi,Southwest Mississippi Community College
Mississippi,Tougaloo College
Mississippi,University of Mississippi
Mississippi,University of Southern Mississippi
Mississippi,Wesley Biblical Seminary
Mississippi,William Carey University
North Carolina,Appalachian State University
North Carolina,Barber-Scotia College
North Carolina,Barton College
North Carolina,Belmont Abbey College
North Carolina,Bennett College
North Carolina,Brevard College
North Carolina,Cabarrus College of Health Sciences
North Carolina,Campbell University
North Carolina,Carolina Christian College
North Carolina,Carolina College of Biblical Studies
North Carolina,Carolina University
North Carolina,Carolinas College of Health Sciences
North Carolina,Catawba College
North Carolina,Charlotte Christian College and Theological Seminary
North Carolina,Chowan University
North Carolina,Davidson College
North Carolina,Duke University
North Carolina,East Carolina University
North Carolina,Elizabeth City State University
North Carolina,Elon University
North Carolina,Fayetteville State University
North Carolina,Gardner-Webb University
North Carolina,Greensboro College
North Carolina,Guilford College
North Carolina,Heritage Bible College
North Carolina,High Point University
North Carolina,Hood Theological Seminary
North Carolina,Johnson & Wales University - Charlotte
North Carolina,Johnson C. Smith University
North Carolina,Lees-McRae College
North Carolina,Lenoir–Rhyne University
North Carolina,Livingstone College
North Carolina,Manna University
North Carolina,Mars Hill University
North Carolina,Meredith College
North Carolina,Methodist University
North Carolina,Mid-Atlantic Christian University
North Carolina,Montreat College
North Carolina,North Carolina A&T State University
North Carolina,North Carolina Central University
North Carolina,North Carolina State University
North Carolina,North Carolina Wesleyan University
North Carolina,Pfeiffer University
North Carolina,Queens University of Charlotte
North Carolina,Saint Augustine's University
North Carolina,Salem College
North Carolina,Shaw University
North Carolina,Shepherds Theological Seminary
North Carolina,Southeastern Baptist Theological Seminary
North Carolina,Southeastern Free Will Baptist College
North Carolina,University of Mount Olive
North Carolina,University of North Carolina at Asheville
North Carolina,University of North Carolina at Chapel Hill (Flagship university)
North Carolina,University of North Carolina at Charlotte
North Carolina,University of North Carolina at Greensboro
North Carolina,University of North Carolina at Pembroke
North Carolina,University of North Carolina School of the Arts
North Carolina,University of North Carolina at Wilmington
North Carolina,Wake Forest University
North Carolina,Warren Wilson College
North Carolina,Western Carolina University
North Carolina,William Peace University
North Carolina,Wingate University
North Carolina,Winston-Salem State University
Oklahoma,Cameron University
Oklahoma,East Central University
Oklahoma,Langston University
Oklahoma,Northeastern State University
Oklahoma,Northwestern Oklahoma State University
Oklahoma,Oklahoma Panhandle State University
Oklahoma,Oklahoma State University
Oklahoma,Oklahoma State University
Oklahoma,Oklahoma State University - Center for Health Sciences
Oklahoma,Rogers State University
Oklahoma,Southwestern Oklahoma State University
Oklahoma,University of Central Oklahoma
Oklahoma,University of Oklahoma
Oklahoma,University of Oklahoma Health Sciences Center
Oklahoma,University of Science & Arts of Oklahoma
Oklahoma,Oklahoma State University Institute of Technology
Oklahoma,Bacone College
Oklahoma,Mid-America Christian University
Oklahoma,Oklahoma Baptist University
Oklahoma,Oklahoma Christian University
Oklahoma,Oklahoma City University
Oklahoma,Oral Roberts University
Oklahoma,Randall University
Oklahoma,Saint Paul School of Theology
Oklahoma,Southern Nazarene University
Oklahoma,Southwestern Christian University
Oklahoma,University of Tulsa
Oklahoma,Charis Bible College
Oklahoma,Family of Faith Christian University
Oklahoma,Heartland Baptist Bible College
Oklahoma,Oklahoma Wesleyan University
Oklahoma,Phillips Theological Seminary
Oklahoma,Spartan College of Aeronautics and Technology
South Carolina,Allen University
South Carolina,Anderson University
South Carolina,Benedict College
South Carolina,Bob Jones University
South Carolina,Charleston School of Law
South Carolina,Charleston Southern University
South Carolina,"The Citadel, The Military College of South Carolina"
South Carolina,Claflin University
South Carolina,Clemson University
South Carolina,Clinton College
South Carolina,Coastal Carolina University
South Carolina,Coker University
South Carolina,College of Charleston
South Carolina,Columbia College
South Carolina,Columbia International University
South Carolina,Converse University
South Carolina,Erskine College
South Carolina,Francis Marion University
South Carolina,Furman University
South Carolina,Lander University
South Carolina,Medical University of South Carolina
South Carolina,Morris College
South Carolina,Newberry College
South Carolina,North Greenville University
South Carolina,Presbyterian College
South Carolina,Sherman College of Chiropractic
South Carolina,South Carolina State University
South Carolina,Southern Wesleyan University
South Carolina,Spartanburg Methodist College
South Carolina,University of South Carolina Aiken
South Carolina,University of South Carolina Beaufort
South Carolina,University of South Carolina Columbia (Main campus)
South Carolina,University of South Carolina Upstate
South Carolina,Voorhees University
South Carolina,Winthrop University
South Carolina,Wofford College
Tennessee,American Baptist College
Tennessee,Aquinas College
Tennessee,Austin Peay State University
Tennessee,Baptist Health Sciences University
Tennessee,Belmont University
Tennessee,Bethel University
Tennessee,Bryan College
Tennessee,Carson-Newman University
Tennessee,Christian Brothers University
Tennessee,Crown College
Tennessee,Cumberland University
Tennessee,East Tennessee State University
Tennessee,Fisk University
Tennessee,Freed-Hardeman University
Tennessee,Harding School of Theology
Tennessee,Johnson University
Tennessee,King University
Tennessee,Knoxville College
Tennessee,Lane College
Tennessee,Lee University
Tennessee,LeMoyne-Owen College
Tennessee,Lincoln Memorial University
Tennessee,Lipscomb University
Tennessee,Maryville College
Tennessee,Meharry Medical College
Tennessee,Memphis Theological Seminary
Tennessee,Mid-America Baptist Theological Seminary
Tennessee,Middle Tennessee State University
Tennessee,Mid-South Christian College
Tennessee,Milligan University
Tennessee,Nashville School of Law
Tennessee,New College Franklin
Tennessee,Omega Graduate School
Tennessee,Pentecostal Theological Seminary
Tennessee,Rhodes College
Tennessee,Sewanee: The University of the South
Tennessee,South College
Tennessee,Southern Adventist University
Tennessee,Southern College of Optometry
Tennessee,Tennessee Bible College
Tennessee,Tennessee State University
Tennessee,Tennessee Technological University
Tennessee,Tennessee Wesleyan University
Tennessee,Trevecca Nazarene University
Tennessee,Tusculum University
Tennessee,Union University
Tennessee,University of Memphis
Tennessee,University of Tennessee (Flagship university)
Tennessee,University of Tennessee at Chattanooga
Tennessee,University of Tennessee Health Science Center
Tennessee,University of Tennessee at Martin
Tennessee,University of Tennessee Southern
Tennessee,Vanderbilt University
Tennessee,Welch College
Tennessee,Williamson College
Texas,Northeast Lakeview College
Texas,Northwest Vista College
Texas,Palo Alto College
Texas,San Antonio College
Texas,St. Philip's College (HBCU)
Texas,Alvin Community College
Texas,Amarillo College
Texas,Angelina College
Texas,Austin Community College
Texas,Blinn College
Texas,Brazosport College
Texas,Central Texas College
Texas,Cisco College
Texas,Clarendon College
Texas,Coastal Bend College
Texas,College of the Mainland
Texas,Collin College
Texas,Dallas College
Texas,Del Mar College
Texas,El Paso Community College
Texas,Frank Phillips College
Texas,Galveston College
Texas,Grayson College
Texas,Hill College
Texas,Houston City College
Texas,Howard College
Texas,Southwest Collegiate Institute for the Deaf
Texas,Kilgore College
Texas,Laredo College
Texas,Lee College
Texas,Lone Star College System
Texas,McLennan Community College
Texas,Midland College
Texas,Navarro College
Texas,North Central Texas College
Texas,Northeast Texas Community College
Texas,Odessa College
Texas,Panola College
Texas,Paris Junior College
Texas,Ranger College
Texas,San Jacinto College
Texas,South Plains College
Texas,South Texas College
Texas,Southwest Texas Junior College
Texas,Tarrant County College
Texas,Temple College
Texas,Texarkana College
Texas,Texas Southmost College
Texas,Trinity Valley Community College
Texas,Tyler Junior College
Texas,Vernon College
Texas,Victoria College
Texas,Weatherford College
Texas,Western Texas College
Texas,Wharton County Junior College
Texas,Texas State Technical College
Virginia,American National University
Virginia,Appalachian College of Pharmacy
Virginia,Appalachian School of Law
Virginia,Averett University
Virginia,Blue Ridge Community College
Virginia,Bluefield University
Virginia,Bridgewater College
Virginia,Brightpoint Community College
Virginia,Central Virginia Community College
Virginia,Christendom College
Virginia,Christopher Newport University
Virginia,College of William and Mary
Virginia,Danville Community College
Virginia,Divine Mercy University
Virginia,Eastern Mennonite University
Virginia,Eastern Shore Community College
Virginia,Eastern Virginia Medical School
Virginia,ECPI University
Virginia,Emory and Henry University
Virginia,Fairfax University of America
Virginia,Ferrum College
Virginia,George Mason University
Virginia,George Washington University
Virginia,Germanna Community College
Virginia,Hampden-Sydney College
Virginia,Hampton University
Virginia,Hollins University
Virginia,Institute for the Psychological Sciences
Virginia,J. Sargeant Reynolds Community College
Virginia,James Madison University
Virginia,Jefferson College of Health Sciences
Virginia,Laurel Ridge Community College
Virginia,Liberty University
Virginia,Longwood University
Virginia,Marine Corps University
Virginia,Mary Baldwin University
Virginia,Marymount University
Virginia,Mountain Empire Community College
Virginia,Mountain Gateway Community College
Virginia,New River Community College
Virginia,Norfolk State University
Virginia,Northern Virginia Community College
Virginia,Old Dominion University
Virginia,Patrick & Henry Community College
Virginia,Paul D. Camp Community College
Virginia,Piedmont Virginia Community College
Virginia,Radford University
Virginia,Randolph College
Virginia,Randolph–Macon College
Virginia,Rappahannock Community College
Virginia,Regent University
Virginia,Richard Bland College
Virginia,Roanoke College
Virginia,Sentara College of Health Sciences
Virginia,Shenandoah University
Virginia,Southside Virginia Community College
Virginia,Southwest Virginia Community College
Virginia,Sweet Briar College
Virginia,Tidewater Community College
Virginia,Union Presbyterian Seminary
Virginia,University of Lynchburg
Virginia,University of Management and Technology
Virginia,University of Mary Washington
Virginia,University of the Potomac
Virginia,University of Richmond
Virginia,University of Virginia
Virginia,University of Virginia's College at Wise
Virginia,Virginia Commonwealth University
Virginia,Virginia Highlands Community College
Virginia,Virginia–Maryland Regional College of Veterinary Medicine
Virginia,Virginia Military Institute
Virginia,Virginia Peninsula Community College
Virginia,Virginia Polytechnic Institute and State University (Virginia Tech)
Virginia,Virginia State University
Virginia,Virginia Union University
Virginia,Virginia University of Lynchburg
Virginia,Virginia University of Science & Technology
Virginia,Virginia Wesleyan University
Virginia,Virginia Western Community College
Virginia,Washington and Lee University
Virginia,Wytheville Community College
West Virginia,American Public University System
West Virginia,Appalachian Bible College
West Virginia,Bethany College
West Virginia,Blue Ridge Community and Technical College
West Virginia,Bluefield State University
West Virginia,BridgeValley Community and Technical College–Montgomery
West Virginia,BridgeValley Community and Technical College–South Charleston
West Virginia,Catholic International University
West Virginia,University of Charleston
West Virginia,Concord University
West Virginia,Davis & Elkins College
West Virginia,Eastern West Virginia Community and Technical College
West Virginia,Fairmont State University
West Virginia,Future Generations University
West Virginia,Glenville State University
West Virginia,Huntington Junior College
West Virginia,Marshall University
West Virginia,Mountwest Community and Technical College
West Virginia,New River Community and Technical College
West Virginia,Pierpont Community and Technical College
West Virginia,Potomac State College of West Virginia University
West Virginia,Salem University
West Virginia,Shepherd University
West Virginia,Southern West Virginia Community and Technical College
West Virginia,Valley College–Beckley
West Virginia,Valley College–Martinsburg
West Virginia,West Liberty University
West Virginia,West Virginia Junior College–Bridgeport
West Virginia,West Virginia Junior College–Charleston
West Virginia,West Virginia Junior College–Morgantown
West Virginia,West Virginia Northern Community College
West Virginia,West Virginia School of Osteopathic Medicine
West Virginia,West Virginia State University
West Virginia,West Virginia University
West Virginia,West Virginia University at Parkersburg
West Virginia,West Virginia University Institute of Technology
West Virginia,West Virginia Wesleyan College
West Virginia,Wheeling University
Alaska,University of Alaska Anchorage
Alaska,University of Alaska Fairbanks
Alaska,University of Alaska Southeast
Alaska,Alaska Bible College
Alaska,Alaska Pacific University
Alaska,Saint Herman Theological Seminary
Arizona,Arizona State University
Arizona,Northern Arizona University
Arizona,University of Arizona
Arizona,Arizona Christian University
Arizona,Benedictine University at Mesa
Arizona,Embry-Riddle Aeronautical University
Arizona,Prescott College
Arizona,Ottawa University
Arizona,Park University
Arizona,A.T. Still University
Arizona,Cummings Graduate Institute for Behavioral Health Studies
Arizona,Fuller Theological Seminary
Arizona,Midwestern University
Arizona,Phoenix Seminary
Arizona,Sonoran University of Health Sciences
Arizona,The School of Architecture
Arizona,Arizona College of Nursing
Arizona,Brookline College
Arizona,Bryan University
Arizona,Carrington College
Arizona,Chamberlain University
Arizona,DeVry University
Arizona,Grand Canyon University
Arizona,Sessions College for Professional Design
Arizona,Universal Technical Institute
Arizona,University of Advancing Technology
Arizona,University of Phoenix
California,Academy of Art University
California,Alliant International University
California,American Heritage University of Southern California
California,American Jewish University
California,American Management University
California,Anaheim University
California,Antioch University
California,ArtCenter College of Design
California,Azusa Pacific University
California,Biola University
California,California Coast University
California,California Baptist University
California,California Coast University
California,California College of the Arts
California,California Health Sciences University
California,California Institute of Integral Studies
California,California Institute of Technology
California,California Institute of the Arts
California,California Lutheran University
California,California Miramar University
California,California Metropolitan University
California,California South Bay University
California,California Southern University
California,California University of Management and Sciences
California,California University of Management and Technology
California,Cambridge College
California,Chapman University
California,Charles R. Drew University of Medicine and Science
California,Claremont Graduate University
California,Claremont Lincoln University
California,Claremont McKenna College
California,Concordia University Irvine
California,The Culinary Institute of America at Greystone
California,Deep Springs College
California,Design Institute of San Diego
California,DeVry University
California,Dharma Realm Buddhist University
California,Dominican University of California
California,Emperor's College of Traditional Oriental Medicine
California,Epic Bible College
California,Fashion Institute of Design & Merchandising
California,Fielding Graduate University
California,Frederick S. Pardee RAND Graduate School
California,Fresno Pacific University
California,Fuller Theological Seminary
California,Gateway Seminary
California,Golden Gate University
California,Graduate Theological Union
California,Gurnick Academy
California,Harvey Mudd College
California,Hope International University
California,Hult International Business School
California,Humphreys University
California,Imago Dei College
California,International Technological University
California,Institute of Buddhist Studies
California,Jessup University
California,John Paul the Great Catholic University
California,Keck Graduate Institute
California,La Sierra University
California,Laguna College of Art and Design
California,Life Pacific University
California,Lincoln University
California,Loma Linda University
California,Los Angeles College of Music
California,Loyola Marymount University
California,Make School
California,The Master's University
California,Menlo College
California,Middlebury Institute of International Studies at Monterey
California,Minerva University
California,Mount St. Mary's University
California,National University
California,New York Film Academy
California,NewSchool of Architecture and Design
California,Northwestern Polytechnic University
California,Notre Dame de Namur University
California,Oak Valley College
California,Occidental College
California,Oikos University
California,Open Christian University
California,Otis College of Art and Design
California,Pacific College of Health and Science
California,Pacific Lutheran Theological Seminary
California,Pacific Oaks College
California,Pacific School of Religion
California,Pacific Union College
California,Pacifica Graduate Institute
California,Palmer College of Chiropractic
California,Palo Alto University
California,Patten University
California,Pepperdine University
California,Pitzer College
California,Point Loma Nazarene University
California,Pomona College
California,Providence Christian College
California,St. John's University (California)
California,Saint Mary's College of California
California,St. Photios Orthodox Theological Seminary
California,Samuel Merritt University
California,San Diego Christian College
California,San Diego University for Integrative Studies
California,San Francisco Conservatory of Music
California,San Francisco Institute of Architecture
California,San Joaquin College of Law
California,Santa Clara University
California,Saybrook University
California,Scripps College
California,Simpson University
California,Soka University of America
California,Southern California Institute of Architecture
California,Southern States University
California,Southwestern Law School
California,Stanford University
California,Starr King School for Ministry
California,Thomas Aquinas College
California,Touro University California
California,Trident University International
California,University of Massachusetts Global
California,Union Institute & University
California,University of Antelope Valley
California,University of La Verne
California,University of Redlands
California,University of San Diego
California,University of San Francisco
California,University of Silicon Valley
California,University of Southern California
California,University of the Pacific
California,University of the People
California,University of the West
California,University of West Los Angeles
California,Vanguard University
California,"Western Seminary, Sacramento Campus"
California,"Western Seminary, San Jose Campus"
California,Western State College of Law
California,Western University of Health Sciences
California,Westcliff University
California,Westmont College
California,Whittier College
California,Woodbury University
California,Zaytuna College
Colorado,Adams State University
Colorado,Colorado Mesa University
Colorado,Colorado School of Mines
Colorado,Fort Lewis College
Colorado,Metropolitan State University of Denver
Colorado,University of Northern Colorado
Colorado,Western Colorado University
Colorado,Colorado State University
Colorado,Colorado State University Pueblo
Colorado,Colorado State University Global
Colorado,University of Colorado
Colorado,University of Colorado
Colorado,University of Colorado
Colorado,United States Air Force Academy
Colorado,Colorado Christian University
Colorado,Colorado College
Colorado,Nazarene Bible College
Colorado,Naropa University
Colorado,Regis University
Colorado,University of Denver
Colorado,Colorado Technical University
Colorado,Rocky Mountain College of Art and Design
Colorado,William Howard Taft University
Hawaii,Akamai University
Hawaii,Atlantic International University
Hawaii,Brigham Young University–Hawaii
Hawaii,Chaminade University of Honolulu
Hawaii,Hawaii Pacific University
Hawaii,Hawaiʻi Community College
Hawaii,Honolulu Community College
Hawaii,Institute of Clinical Acupuncture and Oriental Medicine
Hawaii,Kapiʻolani Community College
Hawaii,Kauaʻi Community College
Hawaii,Leeward Community College
Hawaii,University of Hawaiʻi at Hilo
Hawaii,University of Hawaiʻi at Mānoa
Hawaii,University of Hawaiʻi Maui College
Hawaii,University of Hawaiʻi at West Oʻahu
Hawaii,Windward Community College
Idaho,Boise Bible College
Idaho,Boise State University
Idaho,Brigham Young University–Idaho
Idaho,College of Idaho
Idaho,Idaho College of Osteopathic Medicine
Idaho,College of Southern Idaho
Idaho,College of Western Idaho
Idaho,College of Eastern Idaho
Idaho,Idaho State University
Idaho,Lewis–Clark State College
Idaho,McCall College
Idaho,New Saint Andrews College
Idaho,North Idaho College
Idaho,Northwest Nazarene University
Idaho,University of Idaho
Montana,Montana State University
Montana,Montana State University Billings
Montana,Montana State University–Northern
Montana,University of Montana
Montana,Montana Technological University
Montana,University of Montana Western
Montana,Carroll College
Montana,University of Providence
Montana,Rocky Mountain College
Nevada,College of Southern Nevada
Nevada,Desert Research Institute
Nevada,Great Basin College
Nevada,Nevada State University
Nevada,Truckee Meadows Community College
Nevada,"University of Nevada, Las Vegas"
Nevada,"University of Nevada, Reno"
Nevada,Western Nevada College
New Mexico,University of New Mexico
New Mexico,New Mexico State University
New Mexico,New Mexico Institute of Mining and Technology
New Mexico,University of the Southwest
New Mexico,New Mexico Highlands University
New Mexico,Eastern New Mexico University
New Mexico,Western New Mexico University
New Mexico,Institute of American Indian Arts
New Mexico,Navajo Technical University
New Mexico,St. John's College
New Mexico,University of Phoenix
New Mexico,Northern New Mexico College
New Mexico,Diné College
New Mexico,Brookline College
New Mexico,Central New Mexico Community College
New Mexico,Clovis Community College
New Mexico,Luna Community College
New Mexico,Mesalands Community College
New Mexico,New Mexico Junior College
New Mexico,San Juan College
New Mexico,Santa Fe Community College
New Mexico,Doña Ana Community College
New Mexico,Southwestern Indian Polytechnic Institute
New Mexico,Carrington College
New Mexico,New Mexico Military Institute
New Mexico,Southwestern College
New Mexico,Pima Medical Institute
New Mexico,Southwest Acupuncture College
New Mexico,Burrell College of Osteopathic Medicine
New Mexico,Trinity Southwest University
New Mexico,Southern Methodist University
Oregon,Albany College
Oregon,Art Institute of Portland
Oregon,Ashland College & Normal School
Oregon,Baker Business College
Oregon,Baker City Normal & Business College
Oregon,Baker College
Oregon,Bassist College
Oregon,Bethel College
Oregon,Blue Mountain University
Oregon,Cascade Christian College
Oregon,Cascade College
Oregon,Colegio Cesar Chavez
Oregon,College of Philomath
Oregon,Columbia Christian College
Oregon,Columbia College
Oregon,Columbia College of Business
Oregon,Concordia University
Oregon,Coquille College
Oregon,Corvallis Academy
Oregon,Dallas College
Oregon,DeVry University
Oregon,Eastern Oregon College
Oregon,Jefferson Institute
Oregon,Jefferson Institute
Oregon,Judson Baptist College
Oregon,Le Cordon Bleu College of Culinary Arts in Portland
Oregon,Liberal University
Oregon,Marylhurst University
Oregon,Mineral Springs College
Oregon,Mount Angel College
Oregon,Multnomah College
Oregon,Multnomah University
Oregon,National American University
Oregon,North Pacific College
Oregon,Oregon City College
Oregon,Oregon College of Art
Oregon,Oregon College of Art and Craft
Oregon,Oregon Denturist College
Oregon,Oregon Graduate Institute
Oregon,Oregon Law School
Oregon,Oregon School of Design
Oregon,Pacific College of Art & Design
Oregon,Pioneer Pacific College
Oregon,Philomath College
Oregon,Portland University
Oregon,Saint Francis College
Oregon,Saint Joseph College
Oregon,Saint Michael's College
Oregon,Sublimity College
Oregon,Whitney Business College
Utah,Brigham Young University
Utah,Broadview University
Utah,Columbia College Utah
Utah,Eagle Gate College
Utah,Ensign College
Utah,Fortis College
Utah,Joyce University of Nursing and Health Sciences (formerly Ameritech College)
Utah,Mount Liberty College
Utah,Neumont College of Computer Science
Utah,Newlane University
Utah,Provo College
Utah,Rocky Mountain University of Health Professions
Utah,Rocky Vista University
Utah,Roseman University of Health Sciences
Utah,Salt Lake Baptist College / Salt Lake Bible College
Utah,University of Phoenix
Utah,Webster University Utah
Utah,Western Governors University
Utah,Westminster University
Washington,Antioch University
Washington,City University of Seattle
Washington,Cornish College of the Arts
Washington,Gonzaga University
Washington,Northwest University
Washington,Pacific Lutheran University
Washington,Saint Martin's University
Washington,Seattle Pacific University
Washington,Seattle University
Washington,Walla Walla University
Washington,Whitman College
Washington,Whitworth University
Washington,University of Puget Sound
Wyoming,Casper College
Wyoming,Central Wyoming College
Wyoming,Eastern Wyoming College
Wyoming,Gillette College
Wyoming,Laramie County Community College
Wyoming,Northwest College
Wyoming,Sheridan College
Wyoming,Western Wyoming Community College
Wyoming,University of Wyoming
Wyoming,Wyoming Catholic College
Wyoming,Wyoming Technical Institute (WyoTech)
Wyoming,Wind River Tribal College
"Washington, D.C.",American University
"Washington, D.C.",Bay Atlantic University
"Washington, D.C.",Catholic University of America
"Washington, D.C.",Gallaudet University
"Washington, D.C.",George Washington University
"Washington, D.C.",Georgetown University
"Washington, D.C.",Howard University
"Washington, D.C.",Institute of World Politics
"Washington, D.C.",Inter-American Defense College
"Washington, D.C.",National Intelligence University
"Washington, D.C.",Pontifical Faculty of the Immaculate Conception at the Dominican House of Studies
"Washington, D.C.",Pontifical John Paul II Institute for Studies on Marriage and Family at The Catholic University of America
"Washington, D.C.",Strayer University–District of Columbia
"Washington, D.C.",Trinity Washington University
"Washington, D.C.",University of Phoenix–Washington DC Campus
"Washington, D.C.",University of the District of Columbia
"Washington, D.C.",University of the Potomac–Washington DC Campus
"Washington, D.C.",Wesley Theological Seminary
List of colleges and universities in the United States by endowment,Institution
List of colleges and universities in the United States by endowment,Harvard University (endowment)
List of colleges and universities in the United States by endowment,Yale University (endowment)
List of colleges and universities in the United States by endowment,Stanford University (endowment)
List of colleges and universities in the United States by endowment,Princeton University
List of colleges and universities in the United States by endowment,Massachusetts Institute of Technology
List of colleges and universities in the United States by endowment,University of Pennsylvania
List of colleges and universities in the United States by endowment,University of Notre Dame
List of colleges and universities in the United States by endowment,Columbia University
List of colleges and universities in the United States by endowment,Northwestern University
List of colleges and universities in the United States by endowment,Johns Hopkins University
List of colleges and universities in the United States by endowment,Washington University in St. Louis
List of colleges and universities in the United States by endowment,Duke University
List of colleges and universities in the United States by endowment,Emory University
List of colleges and universities in the United States by endowment,Cornell University
List of colleges and universities in the United States by endowment,Vanderbilt University
List of colleges and universities in the United States by endowment,University of Chicago
List of colleges and universities in the United States by endowment,Dartmouth College
List of colleges and universities in the United States by endowment,University of Southern California
List of colleges and universities in the United States by endowment,Rice University
List of colleges and universities in the United States by endowment,Brown University
List of colleges and universities in the United States by endowment,New York University
List of colleges and universities in the United States by endowment,California Institute of Technology
List of colleges and universities in the United States by endowment,Carnegie Mellon University
List of colleges and universities in the United States by endowment,Boston College
List of colleges and universities in the United States by endowment,Williams College
List of colleges and universities in the United States by endowment,Georgetown University
List of colleges and universities in the United States by endowment,Amherst College
List of colleges and universities in the United States by endowment,Boston University
List of colleges and universities in the United States by endowment,University of Richmond
List of colleges and universities in the United States by endowment,Wellesley College
List of colleges and universities in the United States by endowment,Pomona College
List of colleges and universities in the United States by endowment,University of Rochester
List of colleges and universities in the United States by endowment,Swarthmore College
List of colleges and universities in the United States by endowment,Texas Christian University
List of colleges and universities in the United States by endowment,Grinnell College
List of colleges and universities in the United States by endowment,George Washington University
List of colleges and universities in the United States by endowment,Bowdoin College
List of colleges and universities in the United States by endowment,Smith College
List of colleges and universities in the United States by endowment,Tufts University
List of colleges and universities in the United States by endowment,Rockefeller University
List of colleges and universities in the United States by endowment,Case Western Reserve University
List of colleges and universities in the United States by endowment,Tulane University
List of colleges and universities in the United States by endowment,Southern Methodist University
List of colleges and universities in the United States by endowment,Syracuse University
List of colleges and universities in the United States by endowment,Baylor University
List of colleges and universities in the United States by endowment,Washington and Lee University
List of colleges and universities in the United States by endowment,Wake Forest University
List of colleges and universities in the United States by endowment,University of Delaware
List of colleges and universities in the United States by endowment,Saint Louis University
List of colleges and universities in the United States by endowment,Lehigh University
List of colleges and universities in the United States by endowment,Trinity University
List of colleges and universities in the United States by endowment,Medical College of Wisconsin
List of colleges and universities in the United States by endowment,Berea College
List of colleges and universities in the United States by endowment,Middlebury College
List of colleges and universities in the United States by endowment,University of Miami
List of colleges and universities in the United States by endowment,Wesleyan University
List of colleges and universities in the United States by endowment,Santa Clara University
List of colleges and universities in the United States by endowment,Baylor College of Medicine
List of colleges and universities in the United States by endowment,Princeton Theological Seminary
List of colleges and universities in the United States by endowment,Davidson College
List of colleges and universities in the United States by endowment,Rochester Institute of Technology
List of colleges and universities in the United States by endowment,Berry College
List of colleges and universities in the United States by endowment,Hamilton College
List of colleges and universities in the United States by endowment,Loma Linda University
List of colleges and universities in the United States by endowment,Villanova University
List of colleges and universities in the United States by endowment,Vassar College
List of colleges and universities in the United States by endowment,Pepperdine University
List of colleges and universities in the United States by endowment,University of Tulsa
List of colleges and universities in the United States by endowment,Oberlin College
List of colleges and universities in the United States by endowment,Brandeis University
List of colleges and universities in the United States by endowment,Carleton College
List of colleges and universities in the United States by endowment,Bryn Mawr College
List of colleges and universities in the United States by endowment,Claremont McKenna College
List of colleges and universities in the United States by endowment,Bucknell University
List of colleges and universities in the United States by endowment,Colby College
List of colleges and universities in the United States by endowment,Lafayette College
List of colleges and universities in the United States by endowment,College of the Holy Cross
List of colleges and universities in the United States by endowment,Mount Holyoke College
List of colleges and universities in the United States by endowment,University of Denver
List of colleges and universities in the United States by endowment,Drexel University
List of colleges and universities in the United States by endowment,Loyola University Chicago
List of colleges and universities in the United States by endowment,American University
List of colleges and universities in the United States by endowment,Denison University
List of colleges and universities in the United States by endowment,Howard University
List of colleges and universities in the United States by endowment,Fordham University
List of colleges and universities in the United States by endowment,DePaul University
List of colleges and universities in the United States by endowment,Rensselaer Polytechnic Institute
Endowment,Institution
Endowment,Harvard University (endowment)
Endowment,Yale University (endowment)
Endowment,Stanford University (endowment)
Endowment,Princeton University
Endowment,Massachusetts Institute of Technology
Endowment,University of Pennsylvania
Endowment,University of Notre Dame
Endowment,Columbia University
Endowment,Northwestern University
Endowment,Johns Hopkins University
Endowment,Washington University in St. Louis
Endowment,Duke University
Endowment,Emory University
Endowment,Cornell University
Endowment,Vanderbilt University
Endowment,University of Chicago
Endowment,Dartmouth College
Endowment,University of Southern California
Endowment,Rice University
Endowment,Brown University
Endowment,New York University
Endowment,California Institute of Technology
Endowment,Carnegie Mellon University
Endowment,Boston College
Endowment,Williams College
Endowment,Georgetown University
Endowment,Amherst College
Endowment,Boston University
Endowment,University of Richmond
Endowment,Wellesley College
Endowment,Pomona College
Endowment,University of Rochester
Endowment,Swarthmore College
Endowment,Texas Christian University
Endowment,Grinnell College
Endowment,George Washington University
Endowment,Bowdoin College
Endowment,Smith College
Endowment,Tufts University
Endowment,Rockefeller University
Endowment,Case Western Reserve University
Endowment,Tulane University
Endowment,Southern Methodist University
Endowment,Syracuse University
Endowment,Baylor University
Endowment,Washington and Lee University
Endowment,Wake Forest University
Endowment,University of Delaware
Endowment,Saint Louis University
Endowment,Lehigh University
Endowment,Trinity University
Endowment,Medical College of Wisconsin
Endowment,Berea College
Endowment,Middlebury College
Endowment,University of Miami
Endowment,Wesleyan University
Endowment,Santa Clara University
Endowment,Baylor College of Medicine
Endowment,Princeton Theological Seminary
Endowment,Davidson College
Endowment,Rochester Institute of Technology
Endowment,Berry College
Endowment,Hamilton College
Endowment,Loma Linda University
Endowment,Villanova University
Endowment,Vassar College
Endowment,Pepperdine University
Endowment,University of Tulsa
Endowment,Oberlin College
Endowment,Brandeis University
Endowment,Carleton College
Endowment,Bryn Mawr College
Endowment,Claremont McKenna College
Endowment,Bucknell University
Endowment,Colby College
Endowment,Lafayette College
Endowment,College of the Holy Cross
Endowment,Mount Holyoke College
Endowment,University of Denver
Endowment,Drexel University
Endowment,Loyola University Chicago
Endowment,American University
Endowment,Denison University
Endowment,Howard University
Endowment,Fordham University
Endowment,DePaul University
Endowment,Rensselaer Polytechnic Institute
